Feature,Feature_Type,Source,Percentage Difference,Scaled Percentage Difference
BalabanJ_Lig,Structural,Diff_Trans_6M_All_Catalysts,0.113825855,2.5162910903625346
BertzCT_Lig,Structural,Diff_Trans_6M_All_Catalysts,-0.000770696,0.07424402004164542
Chi0_Lig,Structural,Diff_Trans_6M_All_Catalysts,0.000224277,0.022179897388362516
Chi0n_Lig,Structural,Diff_Trans_6M_All_Catalysts,-8.117600000000008e-05,0.008084829510817267
Chi0v_Lig,Structural,Diff_Trans_6M_All_Catalysts,-0.000558328,0.054329839414690904
Chi1_Lig,Structural,Diff_Trans_6M_All_Catalysts,0.000291395,0.02872301617645166
Chi1n_Lig,Structural,Diff_Trans_6M_All_Catalysts,0.001796695,0.16523431450075277
Chi1v_Lig,Structural,Diff_Trans_6M_All_Catalysts,1.684500000000014e-05,0.0016830828211436646
Chi2n_Lig,Structural,Diff_Trans_6M_All_Catalysts,-0.003502858,0.300316273747975
Chi2v_Lig,Structural,Diff_Trans_6M_All_Catalysts,-0.007323623,0.5494859684036968
Chi3n_Lig,Structural,Diff_Trans_6M_All_Catalysts,-0.003865677,0.32683141286578116
Chi3v_Lig,Structural,Diff_Trans_6M_All_Catalysts,-0.002119168,0.19220323842613238
Chi4n_Lig,Structural,Diff_Trans_6M_All_Catalysts,-0.00506676,0.4099058998471086
Chi4v_Lig,Structural,Diff_Trans_6M_All_Catalysts,-0.0049092999999999,0.39940008632367857
EState_VSA1_Lig,VSA,Diff_Trans_6M_All_Catalysts,-0.001314596,0.12350848063740774
EState_VSA10_Lig,VSA,Diff_Trans_6M_All_Catalysts,-0.017957337,1.0280945766310639
EState_VSA11_Lig,VSA,Diff_Trans_6M_All_Catalysts,0.002794343,0.2464180271164594
EState_VSA2_Lig,VSA,Diff_Trans_6M_All_Catalysts,0.0003229299999999,0.03178254149188383
EState_VSA3_Lig,VSA,Diff_Trans_6M_All_Catalysts,0.0017931839999999,0.16493664446810655
EState_VSA4_Lig,VSA,Diff_Trans_6M_All_Catalysts,-0.0049782419999999,0.4040135217329107
EState_VSA5_Lig,VSA,Diff_Trans_6M_All_Catalysts,-0.00768324,0.5700322053443225
EState_VSA6_Lig,VSA,Diff_Trans_6M_All_Catalysts,-0.0107526109999999,0.7300869770918609
EState_VSA7_Lig,VSA,Diff_Trans_6M_All_Catalysts,-0.0525831769999999,1.833911410976304
EState_VSA8_Lig,VSA,Diff_Trans_6M_All_Catalysts,0.000861221,0.08261364613108586
EState_VSA9_Lig,VSA,Diff_Trans_6M_All_Catalysts,0.0033609219999999,0.28974908470927757
HallKierAlpha_Lig,Structural,Diff_Trans_6M_All_Catalysts,0.0007579199999999,0.0730571345028915
HeavyAtomCount_Lig,Structural,Diff_Trans_6M_All_Catalysts,0.0003493349999999,0.034337173445395996
HeavyAtomMolWt_Lig,Structural,Diff_Trans_6M_All_Catalysts,-0.0006770599999999,0.06551242174237569
Kappa1_Lig,Structural,Diff_Trans_6M_All_Catalysts,-0.004506078,0.3719826410180625
Kappa2_Lig,Structural,Diff_Trans_6M_All_Catalysts,-0.002891284,0.25396633109849925
Kappa3_Lig,Structural,Diff_Trans_6M_All_Catalysts,-0.004293459,0.3572169270393539
MaxAbsEStateIndex_Lig,Electronic,Diff_Trans_6M_All_Catalysts,-0.00148845,0.1387570898538392
MaxAbsPartialCharge_Lig,Electronic,Diff_Trans_6M_All_Catalysts,-0.0065080209999999,0.5012612910059664
MaxEStateIndex_Lig,Electronic,Diff_Trans_6M_All_Catalysts,-0.003345347,0.28858269177242213
MaxPartialCharge_Lig,Electronic,Diff_Trans_6M_All_Catalysts,-0.007541462,0.5619822428138925
MinAbsEStateIndex_Lig,Electronic,Diff_Trans_6M_All_Catalysts,0.048388055,1.7645262382482205
MinAbsPartialCharge_Lig,Electronic,Diff_Trans_6M_All_Catalysts,-0.0022578719999999,0.20358324985474455
MinEStateIndex_Lig,Electronic,Diff_Trans_6M_All_Catalysts,-0.003399003,0.29259520820970597
MinPartialCharge_Lig,Electronic,Diff_Trans_6M_All_Catalysts,-0.006509617,0.5013579666071311
MolLogP_Lig,Structural,Diff_Trans_6M_All_Catalysts,-0.0043802009999999,0.3632672369480308
MolMR_Lig,Electronic,Diff_Trans_6M_All_Catalysts,0.002454827,0.21952316561961663
MolWt_Lig,Structural,Diff_Trans_6M_All_Catalysts,0.00099044,0.09444071101677345
NHOHCount_Lig,Structural,Diff_Trans_6M_All_Catalysts,0.0037789449999999,0.3205566094283548
NOCount_Lig,Structural,Diff_Trans_6M_All_Catalysts,0.004509304,0.37220500583223537
NumAliphaticCarbocycles_Lig,Structural,Diff_Trans_6M_All_Catalysts,0.003422835,0.2943722681018485
NumAliphaticHeterocycles_Lig,Structural,Diff_Trans_6M_All_Catalysts,-0.042261294,1.6536709276032049
NumAliphaticRings_Lig,Structural,Diff_Trans_6M_All_Catalysts,0.002570428,0.2287619783522321
NumAromaticCarbocycles_Lig,Structural,Diff_Trans_6M_All_Catalysts,0.002422261,0.2169050120316575
NumAromaticHeterocycles_Lig,Structural,Diff_Trans_6M_All_Catalysts,0.218891808,3.130664344770096
NumAromaticRings_Lig,Structural,Diff_Trans_6M_All_Catalysts,0.0016169289999999,0.14987833778580137
NumHAcceptors_Lig,Structural,Diff_Trans_6M_All_Catalysts,-0.009392843,0.6623189874826519
NumHDonors_Lig,Structural,Diff_Trans_6M_All_Catalysts,0.003748053,0.3183121210923081
NumHeteroatoms_Lig,Structural,Diff_Trans_6M_All_Catalysts,0.0014028239999999,0.13127595102728173
NumRadicalElectrons_Lig,Structural,Diff_Trans_6M_All_Catalysts,0.002443287,0.21859618771065945
NumRotatableBonds_Lig,Structural,Diff_Trans_6M_All_Catalysts,0.0121356939999999,0.7946063257593207
NumSaturatedCarbocycles_Lig,Structural,Diff_Trans_6M_All_Catalysts,0.00227088,0.20464388279844564
NumSaturatedHeterocycles_Lig,Structural,Diff_Trans_6M_All_Catalysts,-0.0001781429999999,0.01765748498546032
NumSaturatedRings_Lig,Structural,Diff_Trans_6M_All_Catalysts,-1.0285000000000068e-05,0.0010279714562487947
NumValenceElectrons_Lig,Structural,Diff_Trans_6M_All_Catalysts,0.002075145,0.18856411475406534
PEOE_VSA1_Lig,VSA,Diff_Trans_6M_All_Catalysts,0.003005832,0.2628127792543101
PEOE_VSA10_Lig,VSA,Diff_Trans_6M_All_Catalysts,0.0021308319999999,0.19316521788175242
PEOE_VSA11_Lig,VSA,Diff_Trans_6M_All_Catalysts,0.003922901,0.3309499453713005
PEOE_VSA12_Lig,VSA,Diff_Trans_6M_All_Catalysts,0.000909566,0.08705492604135605
PEOE_VSA13_Lig,VSA,Diff_Trans_6M_All_Catalysts,0.0144571779999999,0.8943386585731341
PEOE_VSA14_Lig,VSA,Diff_Trans_6M_All_Catalysts,0.004266694,0.3553426368116109
PEOE_VSA2_Lig,VSA,Diff_Trans_6M_All_Catalysts,-0.039341364,1.596177662637901
PEOE_VSA3_Lig,VSA,Diff_Trans_6M_All_Catalysts,0.008281146,0.6032851625330136
PEOE_VSA4_Lig,VSA,Diff_Trans_6M_All_Catalysts,0.0055135639999999,0.4391296450313951
PEOE_VSA5_Lig,VSA,Diff_Trans_6M_All_Catalysts,0.003027496,0.26447710776434574
PEOE_VSA6_Lig,VSA,Diff_Trans_6M_All_Catalysts,-0.0067909159999999,0.51825293289076
PEOE_VSA7_Lig,VSA,Diff_Trans_6M_All_Catalysts,-0.008344401,0.6067393123313533
PEOE_VSA8_Lig,VSA,Diff_Trans_6M_All_Catalysts,-0.011957902,0.7865419817426825
PEOE_VSA9_Lig,VSA,Diff_Trans_6M_All_Catalysts,-0.00993452,0.6898678092950603
SMR_VSA1_Lig,VSA,Diff_Trans_6M_All_Catalysts,0.0022714619999999,0.20469131103492033
SMR_VSA10_Lig,VSA,Diff_Trans_6M_All_Catalysts,-0.099082387,2.3895183477655477
SMR_VSA2_Lig,VSA,Diff_Trans_6M_All_Catalysts,0.004130621,0.3457590517812454
SMR_VSA3_Lig,VSA,Diff_Trans_6M_All_Catalysts,0.011815684,0.7800440676625248
SMR_VSA4_Lig,VSA,Diff_Trans_6M_All_Catalysts,0.000645954,0.06259482087549607
SMR_VSA5_Lig,VSA,Diff_Trans_6M_All_Catalysts,-0.0046508029999999,0.3819100532535747
SMR_VSA6_Lig,VSA,Diff_Trans_6M_All_Catalysts,0.003187872,0.2767125263751921
SMR_VSA7_Lig,VSA,Diff_Trans_6M_All_Catalysts,-0.0010320489999999,0.09821948911144743
SMR_VSA8_Lig,VSA,Diff_Trans_6M_All_Catalysts,0.002589114,0.23024737927373992
SMR_VSA9_Lig,VSA,Diff_Trans_6M_All_Catalysts,0.007951623,0.5850954356800949
SlogP_VSA1_Lig,VSA,Diff_Trans_6M_All_Catalysts,0.002676294,0.23714854200208033
SlogP_VSA10_Lig,VSA,Diff_Trans_6M_All_Catalysts,0.002843778,0.2502743987487479
SlogP_VSA11_Lig,VSA,Diff_Trans_6M_All_Catalysts,0.00284338,0.250243410501622
SlogP_VSA12_Lig,VSA,Diff_Trans_6M_All_Catalysts,0.00349511,0.29974230460980067
SlogP_VSA2_Lig,VSA,Diff_Trans_6M_All_Catalysts,-0.077539001,2.1694993267776104
SlogP_VSA3_Lig,VSA,Diff_Trans_6M_All_Catalysts,0.004839224,0.3946888522728399
SlogP_VSA4_Lig,VSA,Diff_Trans_6M_All_Catalysts,0.017665975,1.0176182258219373
SlogP_VSA5_Lig,VSA,Diff_Trans_6M_All_Catalysts,0.0012748079999999,0.1199857634248617
SlogP_VSA6_Lig,VSA,Diff_Trans_6M_All_Catalysts,0.017966682,1.0284287800826069
SlogP_VSA7_Lig,VSA,Diff_Trans_6M_All_Catalysts,0.003138871,0.2729899955186517
SlogP_VSA8_Lig,VSA,Diff_Trans_6M_All_Catalysts,0.0016204879999999,0.15018465410553936
SlogP_VSA9_Lig,VSA,Diff_Trans_6M_All_Catalysts,0.003851897,0.3258370977691342
TPSA_Lig,VSA,Diff_Trans_6M_All_Catalysts,0.0036572589999999,0.31168608215592936
VSA_EState1_Lig,VSA,Diff_Trans_6M_All_Catalysts,0.003139238,0.27301792751330345
VSA_EState10_Lig,VSA,Diff_Trans_6M_All_Catalysts,0.003890676,0.3286327306945043
VSA_EState2_Lig,VSA,Diff_Trans_6M_All_Catalysts,-0.05259415,1.8340867302660058
VSA_EState3_Lig,VSA,Diff_Trans_6M_All_Catalysts,-0.02467937,1.2435598926633247
VSA_EState4_Lig,VSA,Diff_Trans_6M_All_Catalysts,-0.008663954,0.6240089770842405
VSA_EState5_Lig,VSA,Diff_Trans_6M_All_Catalysts,-0.0118247509999999,0.7804595997318253
VSA_EState6_Lig,VSA,Diff_Trans_6M_All_Catalysts,-0.00029934,0.029494722518579895
VSA_EState7_Lig,VSA,Diff_Trans_6M_All_Catalysts,-0.00976282,0.6812173016938161
VSA_EState8_Lig,VSA,Diff_Trans_6M_All_Catalysts,-0.003092753,0.26947377803123435
VSA_EState9_Lig,VSA,Diff_Trans_6M_All_Catalysts,0.002169786,0.19637122962728543
BalabanJ_Lig,Structural,Diff_Trans_6M_VO(acac)2,0.021100521,1.134639478462398
BertzCT_Lig,Structural,Diff_Trans_6M_VO(acac)2,-0.001515616,0.14111893428850225
Chi0_Lig,Structural,Diff_Trans_6M_VO(acac)2,-0.004377983,0.3631129852049933
Chi0n_Lig,Structural,Diff_Trans_6M_VO(acac)2,-0.0002158909999999,0.02135935614128313
Chi0v_Lig,Structural,Diff_Trans_6M_VO(acac)2,0.005345516,0.42823822110075804
Chi1_Lig,Structural,Diff_Trans_6M_VO(acac)2,0.0026430769999999,0.23452469964382405
Chi1n_Lig,Structural,Diff_Trans_6M_VO(acac)2,0.006385033,0.49378320319193325
Chi1v_Lig,Structural,Diff_Trans_6M_VO(acac)2,0.005724874,0.4526586968417556
Chi2n_Lig,Structural,Diff_Trans_6M_VO(acac)2,0.000929514,0.08888174342996777
Chi2v_Lig,Structural,Diff_Trans_6M_VO(acac)2,0.001117683,0.10595181080838792
Chi3n_Lig,Structural,Diff_Trans_6M_VO(acac)2,0.003083906,0.26879783230898985
Chi3v_Lig,Structural,Diff_Trans_6M_VO(acac)2,0.008460058,0.6130242780042185
Chi4n_Lig,Structural,Diff_Trans_6M_VO(acac)2,0.004141581,0.34653437169081763
Chi4v_Lig,Structural,Diff_Trans_6M_VO(acac)2,0.002537962,0.2261759090667289
EState_VSA1_Lig,VSA,Diff_Trans_6M_VO(acac)2,0.001404607,0.1314323035777932
EState_VSA10_Lig,VSA,Diff_Trans_6M_VO(acac)2,-0.044730186,1.699830310657742
EState_VSA11_Lig,VSA,Diff_Trans_6M_VO(acac)2,0.004615187,0.37947610056086184
EState_VSA2_Lig,VSA,Diff_Trans_6M_VO(acac)2,-0.037859027,1.5656746591499773
EState_VSA3_Lig,VSA,Diff_Trans_6M_VO(acac)2,0.002805977,0.2473269220678424
EState_VSA4_Lig,VSA,Diff_Trans_6M_VO(acac)2,0.00216108,0.19565559538956026
EState_VSA5_Lig,VSA,Diff_Trans_6M_VO(acac)2,-0.0013096949999999,0.1230752294847628
EState_VSA6_Lig,VSA,Diff_Trans_6M_VO(acac)2,0.004645403,0.3815414048312462
EState_VSA7_Lig,VSA,Diff_Trans_6M_VO(acac)2,-0.06506691,2.0157947561611813
EState_VSA8_Lig,VSA,Diff_Trans_6M_VO(acac)2,-0.003461089,0.2972181343390923
EState_VSA9_Lig,VSA,Diff_Trans_6M_VO(acac)2,0.002465794,0.22040332030821652
HallKierAlpha_Lig,Structural,Diff_Trans_6M_VO(acac)2,-0.0050274539999999,0.4072937018777097
HeavyAtomCount_Lig,Structural,Diff_Trans_6M_VO(acac)2,-0.0042206369999999,0.3521091264396132
HeavyAtomMolWt_Lig,Structural,Diff_Trans_6M_VO(acac)2,0.006033561,0.47209899493294655
Kappa1_Lig,Structural,Diff_Trans_6M_VO(acac)2,-0.000706275,0.06824492517816781
Kappa2_Lig,Structural,Diff_Trans_6M_VO(acac)2,-0.014827709,0.909375234850684
Kappa3_Lig,Structural,Diff_Trans_6M_VO(acac)2,-0.0063137269999999,0.48942180765090365
MaxAbsEStateIndex_Lig,Electronic,Diff_Trans_6M_VO(acac)2,0.006757266,0.5162468622616713
MaxAbsPartialCharge_Lig,Electronic,Diff_Trans_6M_VO(acac)2,0.003586144,0.30646535686507387
MaxEStateIndex_Lig,Electronic,Diff_Trans_6M_VO(acac)2,0.005004982,0.40579718629743194
MaxPartialCharge_Lig,Electronic,Diff_Trans_6M_VO(acac)2,0.005244194,0.42161361625514077
MinAbsEStateIndex_Lig,Electronic,Diff_Trans_6M_VO(acac)2,-0.0155963629999999,0.9398651780860244
MinAbsPartialCharge_Lig,Electronic,Diff_Trans_6M_VO(acac)2,0.0101844359999999,0.7023267193797332
MinEStateIndex_Lig,Electronic,Diff_Trans_6M_VO(acac)2,0.000184032,0.018235910439940814
MinPartialCharge_Lig,Electronic,Diff_Trans_6M_VO(acac)2,-0.006518269,0.5018818875264359
MolLogP_Lig,Structural,Diff_Trans_6M_VO(acac)2,0.004363885,0.3621319772113143
MolMR_Lig,Electronic,Diff_Trans_6M_VO(acac)2,-0.0005086839999999,0.04961686997304012
MolWt_Lig,Structural,Diff_Trans_6M_VO(acac)2,0.003919899,0.3307343061387784
NHOHCount_Lig,Structural,Diff_Trans_6M_VO(acac)2,-0.0223854769999999,1.175124988573583
NOCount_Lig,Structural,Diff_Trans_6M_VO(acac)2,-0.0020339929999999,0.18515030211871164
NumAliphaticCarbocycles_Lig,Structural,Diff_Trans_6M_VO(acac)2,0.007940158,0.5844565707327158
NumAliphaticHeterocycles_Lig,Structural,Diff_Trans_6M_VO(acac)2,0.003014389,0.26347049851876037
NumAliphaticRings_Lig,Structural,Diff_Trans_6M_VO(acac)2,0.006679316,0.5115842959014925
NumAromaticCarbocycles_Lig,Structural,Diff_Trans_6M_VO(acac)2,0.003661335,0.3119844869735672
NumAromaticHeterocycles_Lig,Structural,Diff_Trans_6M_VO(acac)2,0.009861158,0.686180872080226
NumAromaticRings_Lig,Structural,Diff_Trans_6M_VO(acac)2,0.003160861,0.27466225629488356
NumHAcceptors_Lig,Structural,Diff_Trans_6M_VO(acac)2,-0.005684923,0.4501148394876775
NumHDonors_Lig,Structural,Diff_Trans_6M_VO(acac)2,-0.031147419,1.4145761104122456
NumHeteroatoms_Lig,Structural,Diff_Trans_6M_VO(acac)2,0.005078527,0.4106865857697629
NumRadicalElectrons_Lig,Structural,Diff_Trans_6M_VO(acac)2,0.00324949,0.28137396813136695
NumRotatableBonds_Lig,Structural,Diff_Trans_6M_VO(acac)2,-0.0044156579999999,0.3657298839501199
NumSaturatedCarbocycles_Lig,Structural,Diff_Trans_6M_VO(acac)2,0.004376215,0.36299001185673796
NumSaturatedHeterocycles_Lig,Structural,Diff_Trans_6M_VO(acac)2,0.003624487,0.30928359547028444
NumSaturatedRings_Lig,Structural,Diff_Trans_6M_VO(acac)2,0.004585215,0.3774232513894265
NumValenceElectrons_Lig,Structural,Diff_Trans_6M_VO(acac)2,0.0017030559999999,0.15726491128496453
PEOE_VSA1_Lig,VSA,Diff_Trans_6M_VO(acac)2,0.0044930809999999,0.37108627013569745
PEOE_VSA10_Lig,VSA,Diff_Trans_6M_VO(acac)2,0.004492068,0.37101637227177325
PEOE_VSA11_Lig,VSA,Diff_Trans_6M_VO(acac)2,0.010481699,0.7169466627207302
PEOE_VSA12_Lig,VSA,Diff_Trans_6M_VO(acac)2,0.005877146,0.46229562375093
PEOE_VSA13_Lig,VSA,Diff_Trans_6M_VO(acac)2,0.01077349,0.7310925615920529
PEOE_VSA14_Lig,VSA,Diff_Trans_6M_VO(acac)2,0.007135095,0.5385436065249193
PEOE_VSA2_Lig,VSA,Diff_Trans_6M_VO(acac)2,0.0033955979999999,0.2923410525297293
PEOE_VSA3_Lig,VSA,Diff_Trans_6M_VO(acac)2,0.0026183689999999,0.23256851646420104
PEOE_VSA4_Lig,VSA,Diff_Trans_6M_VO(acac)2,0.007299676,0.5481026800106109
PEOE_VSA5_Lig,VSA,Diff_Trans_6M_VO(acac)2,0.007667702,0.5691531339464173
PEOE_VSA6_Lig,VSA,Diff_Trans_6M_VO(acac)2,0.0005059929999999,0.049360763251560774
PEOE_VSA7_Lig,VSA,Diff_Trans_6M_VO(acac)2,-0.004481623,0.37029537331775825
PEOE_VSA8_Lig,VSA,Diff_Trans_6M_VO(acac)2,-0.013149638,0.8393940502669078
PEOE_VSA9_Lig,VSA,Diff_Trans_6M_VO(acac)2,-0.004498822,0.37148231175291313
SMR_VSA1_Lig,VSA,Diff_Trans_6M_VO(acac)2,-0.005982348,0.46889977021747287
SMR_VSA10_Lig,VSA,Diff_Trans_6M_VO(acac)2,-0.0010688759999999,0.101552112889371
SMR_VSA2_Lig,VSA,Diff_Trans_6M_VO(acac)2,0.00429657,0.3574345553609117
SMR_VSA3_Lig,VSA,Diff_Trans_6M_VO(acac)2,0.003275092,0.28330440443009297
SMR_VSA4_Lig,VSA,Diff_Trans_6M_VO(acac)2,0.008496252,0.6149830239705817
SMR_VSA5_Lig,VSA,Diff_Trans_6M_VO(acac)2,0.037319405,1.5543353720725903
SMR_VSA6_Lig,VSA,Diff_Trans_6M_VO(acac)2,0.002327424,0.2092412810250168
SMR_VSA7_Lig,VSA,Diff_Trans_6M_VO(acac)2,0.0019608159999999,0.1790508806257959
SMR_VSA8_Lig,VSA,Diff_Trans_6M_VO(acac)2,0.004086657,0.3426429442974081
SMR_VSA9_Lig,VSA,Diff_Trans_6M_VO(acac)2,0.0043600359999999,0.3618639775866713
SlogP_VSA1_Lig,VSA,Diff_Trans_6M_VO(acac)2,0.004030349,0.3386376760782239
SlogP_VSA10_Lig,VSA,Diff_Trans_6M_VO(acac)2,0.004442877,0.3676162588524816
SlogP_VSA11_Lig,VSA,Diff_Trans_6M_VO(acac)2,0.005944679,0.46654007556260163
SlogP_VSA12_Lig,VSA,Diff_Trans_6M_VO(acac)2,0.007272979,0.5465582799460853
SlogP_VSA2_Lig,VSA,Diff_Trans_6M_VO(acac)2,-0.086689607,2.268920826957004
SlogP_VSA3_Lig,VSA,Diff_Trans_6M_VO(acac)2,0.00022368,0.02212150524677403
SlogP_VSA4_Lig,VSA,Diff_Trans_6M_VO(acac)2,0.0605867089999999,1.9542567759920588
SlogP_VSA5_Lig,VSA,Diff_Trans_6M_VO(acac)2,-0.0005250819999999,0.051176077517912186
SlogP_VSA6_Lig,VSA,Diff_Trans_6M_VO(acac)2,0.002900019,0.2546436912407132
SlogP_VSA7_Lig,VSA,Diff_Trans_6M_VO(acac)2,0.00571832,0.45224181806697733
SlogP_VSA8_Lig,VSA,Diff_Trans_6M_VO(acac)2,0.012370607,0.8051628166950651
SlogP_VSA9_Lig,VSA,Diff_Trans_6M_VO(acac)2,0.006708207,0.5133149428387358
TPSA_Lig,VSA,Diff_Trans_6M_VO(acac)2,-0.036185916,1.530089810133054
VSA_EState1_Lig,VSA,Diff_Trans_6M_VO(acac)2,0.00128951,0.12128888298562847
VSA_EState10_Lig,VSA,Diff_Trans_6M_VO(acac)2,0.00504316,0.4083383098413719
VSA_EState2_Lig,VSA,Diff_Trans_6M_VO(acac)2,0.001163282,0.11004490674580684
VSA_EState3_Lig,VSA,Diff_Trans_6M_VO(acac)2,-0.048213011,1.7615237934593018
VSA_EState4_Lig,VSA,Diff_Trans_6M_VO(acac)2,-0.005763964,0.4551414826517599
VSA_EState5_Lig,VSA,Diff_Trans_6M_VO(acac)2,0.0073946909999999,0.5535799517268687
VSA_EState6_Lig,VSA,Diff_Trans_6M_VO(acac)2,0.001388045,0.1299790279418623
VSA_EState7_Lig,VSA,Diff_Trans_6M_VO(acac)2,-0.0482367769999999,1.7619319693905429
VSA_EState8_Lig,VSA,Diff_Trans_6M_VO(acac)2,0.0913045359999999,2.3155460951455544
VSA_EState9_Lig,VSA,Diff_Trans_6M_VO(acac)2,0.002294525,0.2065689483369232
BalabanJ_Lig,Structural,Diff_Trans_6M_VO(OiPr)3,0.001780129,0.16382903593344258
BertzCT_Lig,Structural,Diff_Trans_6M_VO(OiPr)3,0.002754192,0.24327490888639663
Chi0_Lig,Structural,Diff_Trans_6M_VO(OiPr)3,-0.00081853,0.0786753116751408
Chi0n_Lig,Structural,Diff_Trans_6M_VO(OiPr)3,0.0017908009999999,0.16473455817877844
Chi0v_Lig,Structural,Diff_Trans_6M_VO(OiPr)3,-0.0001135239999999,0.011288445079846172
Chi1_Lig,Structural,Diff_Trans_6M_VO(OiPr)3,0.006247872,0.4853768533603434
Chi1n_Lig,Structural,Diff_Trans_6M_VO(OiPr)3,0.002414649,0.21629205331510773
Chi1v_Lig,Structural,Diff_Trans_6M_VO(OiPr)3,0.001747213,0.16103092797241036
Chi2n_Lig,Structural,Diff_Trans_6M_VO(OiPr)3,0.007495746,0.5593726726710158
Chi2v_Lig,Structural,Diff_Trans_6M_VO(OiPr)3,0.001069375,0.10159719323471395
Chi3n_Lig,Structural,Diff_Trans_6M_VO(OiPr)3,0.002719675,0.24056491427705012
Chi3v_Lig,Structural,Diff_Trans_6M_VO(OiPr)3,0.003646153,0.3108725574131304
Chi4n_Lig,Structural,Diff_Trans_6M_VO(OiPr)3,0.0027015819999999,0.2391414596418102
Chi4v_Lig,Structural,Diff_Trans_6M_VO(OiPr)3,0.004317537,0.3589000565385341
EState_VSA1_Lig,VSA,Diff_Trans_6M_VO(OiPr)3,0.0037189,0.3161893511623985
EState_VSA10_Lig,VSA,Diff_Trans_6M_VO(OiPr)3,-0.029685687,1.3784055007256517
EState_VSA11_Lig,VSA,Diff_Trans_6M_VO(OiPr)3,0.003494385,0.29968858000323245
EState_VSA2_Lig,VSA,Diff_Trans_6M_VO(OiPr)3,0.0017658579999999,0.162616854702937
EState_VSA3_Lig,VSA,Diff_Trans_6M_VO(OiPr)3,-9.78200000000002e-05,0.00973446597186257
EState_VSA4_Lig,VSA,Diff_Trans_6M_VO(OiPr)3,-0.012349939,0.8042384987553199
EState_VSA5_Lig,VSA,Diff_Trans_6M_VO(OiPr)3,-0.019989398,1.0982588262076136
EState_VSA6_Lig,VSA,Diff_Trans_6M_VO(OiPr)3,0.005181368,0.4174837934900783
EState_VSA7_Lig,VSA,Diff_Trans_6M_VO(OiPr)3,-0.038554069,1.5800929087360185
EState_VSA8_Lig,VSA,Diff_Trans_6M_VO(OiPr)3,0.0014045059999999,0.13142344746838636
EState_VSA9_Lig,VSA,Diff_Trans_6M_VO(OiPr)3,0.003970527,0.3343648032569333
HallKierAlpha_Lig,Structural,Diff_Trans_6M_VO(OiPr)3,0.003348203,0.2887966760503393
HeavyAtomCount_Lig,Structural,Diff_Trans_6M_VO(OiPr)3,0.001665218,0.1540265006887768
HeavyAtomMolWt_Lig,Structural,Diff_Trans_6M_VO(OiPr)3,0.003280134,0.28368414136478054
Kappa1_Lig,Structural,Diff_Trans_6M_VO(OiPr)3,0.0031656049999999,0.2750226540825128
Kappa2_Lig,Structural,Diff_Trans_6M_VO(OiPr)3,0.001164444,0.11014899258070548
Kappa3_Lig,Structural,Diff_Trans_6M_VO(OiPr)3,0.0008889149999999,0.08516020629660626
MaxAbsEStateIndex_Lig,Electronic,Diff_Trans_6M_VO(OiPr)3,0.001242065,0.11707745345846604
MaxAbsPartialCharge_Lig,Electronic,Diff_Trans_6M_VO(OiPr)3,-0.024324591,1.2332769430755246
MaxEStateIndex_Lig,Electronic,Diff_Trans_6M_VO(OiPr)3,0.000669152,0.06477149399728688
MaxPartialCharge_Lig,Electronic,Diff_Trans_6M_VO(OiPr)3,-0.004012752,0.3373826791854315
MinAbsEStateIndex_Lig,Electronic,Diff_Trans_6M_VO(OiPr)3,-0.015616663,0.9406579451864601
MinAbsPartialCharge_Lig,Electronic,Diff_Trans_6M_VO(OiPr)3,-0.003929715,0.331439235148314
MinEStateIndex_Lig,Electronic,Diff_Trans_6M_VO(OiPr)3,0.000964129,0.09204385115619024
MinPartialCharge_Lig,Electronic,Diff_Trans_6M_VO(OiPr)3,-0.017707356,1.0191128445113338
MolLogP_Lig,Structural,Diff_Trans_6M_VO(OiPr)3,0.003372346,0.29060375019166385
MolMR_Lig,Electronic,Diff_Trans_6M_VO(OiPr)3,0.005762022,0.45501828269839717
MolWt_Lig,Structural,Diff_Trans_6M_VO(OiPr)3,0.001673888,0.15476945977202627
NHOHCount_Lig,Structural,Diff_Trans_6M_VO(OiPr)3,0.003022807,0.26411711194774123
NOCount_Lig,Structural,Diff_Trans_6M_VO(OiPr)3,0.004363345,0.36209438221868445
NumAliphaticCarbocycles_Lig,Structural,Diff_Trans_6M_VO(OiPr)3,0.003228023,0.27975244086000356
NumAliphaticHeterocycles_Lig,Structural,Diff_Trans_6M_VO(OiPr)3,-0.061498103,1.967085824885419
NumAliphaticRings_Lig,Structural,Diff_Trans_6M_VO(OiPr)3,0.003969367,0.3342817678667012
NumAromaticCarbocycles_Lig,Structural,Diff_Trans_6M_VO(OiPr)3,0.004272037,0.3557170753290366
NumAromaticHeterocycles_Lig,Structural,Diff_Trans_6M_VO(OiPr)3,0.00446182,0.36892698026997245
NumAromaticRings_Lig,Structural,Diff_Trans_6M_VO(OiPr)3,0.003126786,0.2720697824165929
NumHAcceptors_Lig,Structural,Diff_Trans_6M_VO(OiPr)3,0.004534003,0.37390584561292706
NumHDonors_Lig,Structural,Diff_Trans_6M_VO(OiPr)3,0.003460272,0.2971574390421308
NumHeteroatoms_Lig,Structural,Diff_Trans_6M_VO(OiPr)3,0.002825647,0.2488617451333926
NumRadicalElectrons_Lig,Structural,Diff_Trans_6M_VO(OiPr)3,0.003693895,0.31436502008378336
NumRotatableBonds_Lig,Structural,Diff_Trans_6M_VO(OiPr)3,0.0012927529999999,0.12157609955220497
NumSaturatedCarbocycles_Lig,Structural,Diff_Trans_6M_VO(OiPr)3,0.00456836,0.37626696082280203
NumSaturatedHeterocycles_Lig,Structural,Diff_Trans_6M_VO(OiPr)3,0.0041050109999999,0.34394503132489873
NumSaturatedRings_Lig,Structural,Diff_Trans_6M_VO(OiPr)3,0.003573349,0.30552314480341436
NumValenceElectrons_Lig,Structural,Diff_Trans_6M_VO(OiPr)3,0.003424586,0.29450270893655534
PEOE_VSA1_Lig,VSA,Diff_Trans_6M_VO(OiPr)3,0.004046652,0.3397989825747569
PEOE_VSA10_Lig,VSA,Diff_Trans_6M_VO(OiPr)3,0.005160332,0.41609718671653195
PEOE_VSA11_Lig,VSA,Diff_Trans_6M_VO(OiPr)3,0.004806261,0.392465038860143
PEOE_VSA12_Lig,VSA,Diff_Trans_6M_VO(OiPr)3,0.015252486,0.9263395133264485
PEOE_VSA13_Lig,VSA,Diff_Trans_6M_VO(OiPr)3,0.018004784,1.029790259729596
PEOE_VSA14_Lig,VSA,Diff_Trans_6M_VO(OiPr)3,0.004425162,0.3663889498396556
PEOE_VSA2_Lig,VSA,Diff_Trans_6M_VO(OiPr)3,-0.072395658,2.108947648358236
PEOE_VSA3_Lig,VSA,Diff_Trans_6M_VO(OiPr)3,0.003969674,0.3343037442831439
PEOE_VSA4_Lig,VSA,Diff_Trans_6M_VO(OiPr)3,0.0025503179999999,0.2271609109081395
PEOE_VSA5_Lig,VSA,Diff_Trans_6M_VO(OiPr)3,0.004532233,0.3737840548174358
PEOE_VSA6_Lig,VSA,Diff_Trans_6M_VO(OiPr)3,0.00296381,0.25957653620747595
PEOE_VSA7_Lig,VSA,Diff_Trans_6M_VO(OiPr)3,-0.006293289,0.4881682122482192
PEOE_VSA8_Lig,VSA,Diff_Trans_6M_VO(OiPr)3,0.025602128,1.269820318358367
PEOE_VSA9_Lig,VSA,Diff_Trans_6M_VO(OiPr)3,0.028448455,1.3467334200956704
SMR_VSA1_Lig,VSA,Diff_Trans_6M_VO(OiPr)3,0.00326536,0.282571033315224
SMR_VSA10_Lig,VSA,Diff_Trans_6M_VO(OiPr)3,0.184017878,2.9653652164624797
SMR_VSA2_Lig,VSA,Diff_Trans_6M_VO(OiPr)3,0.004320364,0.3590974872098101
SMR_VSA3_Lig,VSA,Diff_Trans_6M_VO(OiPr)3,0.005600795,0.44473678150141216
SMR_VSA4_Lig,VSA,Diff_Trans_6M_VO(OiPr)3,-0.000243771,0.024084720544362174
SMR_VSA5_Lig,VSA,Diff_Trans_6M_VO(OiPr)3,0.0020250159999999,0.18440405355821624
SMR_VSA6_Lig,VSA,Diff_Trans_6M_VO(OiPr)3,0.005632056,0.44673858469505145
SMR_VSA7_Lig,VSA,Diff_Trans_6M_VO(OiPr)3,0.000657416,0.06367089485872231
SMR_VSA8_Lig,VSA,Diff_Trans_6M_VO(OiPr)3,0.003962217,0.3337698026193187
SMR_VSA9_Lig,VSA,Diff_Trans_6M_VO(OiPr)3,0.002307514,0.20762487717329967
SlogP_VSA1_Lig,VSA,Diff_Trans_6M_VO(OiPr)3,0.003963195,0.33383984634869324
SlogP_VSA10_Lig,VSA,Diff_Trans_6M_VO(OiPr)3,0.005029654,0.40744008988044295
SlogP_VSA11_Lig,VSA,Diff_Trans_6M_VO(OiPr)3,0.004137022,0.34621193708968134
SlogP_VSA12_Lig,VSA,Diff_Trans_6M_VO(OiPr)3,0.003456305,0.2968626764481559
SlogP_VSA2_Lig,VSA,Diff_Trans_6M_VO(OiPr)3,-0.028181047,1.3397541476619754
SlogP_VSA3_Lig,VSA,Diff_Trans_6M_VO(OiPr)3,-0.000559686,0.054458449993495514
SlogP_VSA4_Lig,VSA,Diff_Trans_6M_VO(OiPr)3,-0.000129327,0.012849786731816366
SlogP_VSA5_Lig,VSA,Diff_Trans_6M_VO(OiPr)3,0.000817281,0.07855985494450218
SlogP_VSA6_Lig,VSA,Diff_Trans_6M_VO(OiPr)3,0.003824447,0.32385345361433143
SlogP_VSA7_Lig,VSA,Diff_Trans_6M_VO(OiPr)3,0.00431625,0.35881016273574323
SlogP_VSA8_Lig,VSA,Diff_Trans_6M_VO(OiPr)3,0.003319793,0.28666603145690145
SlogP_VSA9_Lig,VSA,Diff_Trans_6M_VO(OiPr)3,0.003817362,0.3233408243464601
TPSA_Lig,VSA,Diff_Trans_6M_VO(OiPr)3,0.002556795,0.22767686032405074
VSA_EState1_Lig,VSA,Diff_Trans_6M_VO(OiPr)3,0.004622844,0.37999987045323586
VSA_EState10_Lig,VSA,Diff_Trans_6M_VO(OiPr)3,0.004924281,0.40040439091985075
VSA_EState2_Lig,VSA,Diff_Trans_6M_VO(OiPr)3,-0.141776724,2.719825426877393
VSA_EState3_Lig,VSA,Diff_Trans_6M_VO(OiPr)3,-0.000355646,0.0349467852287195
VSA_EState4_Lig,VSA,Diff_Trans_6M_VO(OiPr)3,-0.023073037,1.196133265283488
VSA_EState5_Lig,VSA,Diff_Trans_6M_VO(OiPr)3,-0.008610484,0.6211399848447611
VSA_EState6_Lig,VSA,Diff_Trans_6M_VO(OiPr)3,0.00198963,0.18145701652001928
VSA_EState7_Lig,VSA,Diff_Trans_6M_VO(OiPr)3,-0.015636016,0.9414131447700679
VSA_EState8_Lig,VSA,Diff_Trans_6M_VO(OiPr)3,0.001313558,0.12341673652070004
VSA_EState9_Lig,VSA,Diff_Trans_6M_VO(OiPr)3,0.002974857,0.26042831480256784
BalabanJ_Lig,Structural,Diff_Trans_6M_VOSO4,0.079904911,2.196167474355246
BertzCT_Lig,Structural,Diff_Trans_6M_VOSO4,-0.002249836,0.20292745615197147
Chi0_Lig,Structural,Diff_Trans_6M_VOSO4,-0.001865476,0.1710479140830763
Chi0n_Lig,Structural,Diff_Trans_6M_VOSO4,-0.013578415,0.8577465818746093
Chi0v_Lig,Structural,Diff_Trans_6M_VOSO4,-0.005803936,0.45767392993920464
Chi1_Lig,Structural,Diff_Trans_6M_VOSO4,-0.001875536,0.17189539275012786
Chi1n_Lig,Structural,Diff_Trans_6M_VOSO4,-0.01016115,0.7011723922329887
Chi1v_Lig,Structural,Diff_Trans_6M_VOSO4,-0.022462494,1.1775002991661556
Chi2n_Lig,Structural,Diff_Trans_6M_VOSO4,-0.011210184,0.7518963506981461
Chi2v_Lig,Structural,Diff_Trans_6M_VOSO4,-0.018047913,1.0313291333545802
Chi3n_Lig,Structural,Diff_Trans_6M_VOSO4,-0.011428653,0.7621438587063181
Chi3v_Lig,Structural,Diff_Trans_6M_VOSO4,-0.005795767,0.4571568997518021
Chi4n_Lig,Structural,Diff_Trans_6M_VOSO4,-0.011079068,0.7456954171779943
Chi4v_Lig,Structural,Diff_Trans_6M_VOSO4,-0.012284529,0.8013075778883222
EState_VSA1_Lig,VSA,Diff_Trans_6M_VOSO4,-0.005583203,0.4436085104012016
EState_VSA10_Lig,VSA,Diff_Trans_6M_VOSO4,-0.005794484,0.4570756721603717
EState_VSA11_Lig,VSA,Diff_Trans_6M_VOSO4,0.003532844,0.30253452665636055
EState_VSA2_Lig,VSA,Diff_Trans_6M_VOSO4,0.000942338,0.09005439231855107
EState_VSA3_Lig,VSA,Diff_Trans_6M_VOSO4,-0.013064919,0.8357277121951342
EState_VSA4_Lig,VSA,Diff_Trans_6M_VOSO4,0.0132693509999999,0.8445519939441096
EState_VSA5_Lig,VSA,Diff_Trans_6M_VOSO4,0.003746856,0.3182250504276439
EState_VSA6_Lig,VSA,Diff_Trans_6M_VOSO4,-0.026050746,1.2823424640040813
EState_VSA7_Lig,VSA,Diff_Trans_6M_VOSO4,-0.014138836,0.8812369027886703
EState_VSA8_Lig,VSA,Diff_Trans_6M_VOSO4,0.0025444409999999,0.22669252624603192
EState_VSA9_Lig,VSA,Diff_Trans_6M_VOSO4,0.055757967,1.8833957418258647
HallKierAlpha_Lig,Structural,Diff_Trans_6M_VOSO4,-0.011183882,0.7506555165033463
HeavyAtomCount_Lig,Structural,Diff_Trans_6M_VOSO4,0.097294339,2.3729907966301327
HeavyAtomMolWt_Lig,Structural,Diff_Trans_6M_VOSO4,-0.009623486,0.6741420212016672
Kappa1_Lig,Structural,Diff_Trans_6M_VOSO4,0.002806787,0.24739017178195136
Kappa2_Lig,Structural,Diff_Trans_6M_VOSO4,-0.006904737,0.5250087855174252
Kappa3_Lig,Structural,Diff_Trans_6M_VOSO4,-0.001562732,0.14520207450806605
MaxAbsEStateIndex_Lig,Electronic,Diff_Trans_6M_VOSO4,-0.007944908,0.5847213048161222
MaxAbsPartialCharge_Lig,Electronic,Diff_Trans_6M_VOSO4,-0.015794848,0.9475896890703581
MaxEStateIndex_Lig,Electronic,Diff_Trans_6M_VOSO4,0.000977988,0.09330708403777288
MaxPartialCharge_Lig,Electronic,Diff_Trans_6M_VOSO4,-0.043520931,1.677487718040848
MinAbsEStateIndex_Lig,Electronic,Diff_Trans_6M_VOSO4,-0.004731805,0.38742366900917985
MinAbsPartialCharge_Lig,Electronic,Diff_Trans_6M_VOSO4,-0.0134268599999999,0.8512981343261553
MinEStateIndex_Lig,Electronic,Diff_Trans_6M_VOSO4,-0.000996235,0.09496784848837296
MinPartialCharge_Lig,Electronic,Diff_Trans_6M_VOSO4,-0.056877351,1.9002752667443845
MolLogP_Lig,Structural,Diff_Trans_6M_VOSO4,0.043840732,1.6834451880895287
MolMR_Lig,Electronic,Diff_Trans_6M_VOSO4,-0.005026272,0.4072150427456933
MolWt_Lig,Structural,Diff_Trans_6M_VOSO4,-0.006097278,0.47606509637973027
NHOHCount_Lig,Structural,Diff_Trans_6M_VOSO4,0.002254698,0.20332428067953046
NOCount_Lig,Structural,Diff_Trans_6M_VOSO4,-0.007512395,0.5603238229337605
NumAliphaticCarbocycles_Lig,Structural,Diff_Trans_6M_VOSO4,-0.001941531,0.17743723120596888
NumAliphaticHeterocycles_Lig,Structural,Diff_Trans_6M_VOSO4,0.001971686,0.17995926878743196
NumAliphaticRings_Lig,Structural,Diff_Trans_6M_VOSO4,-0.00255193,0.2272893456206255
NumAromaticCarbocycles_Lig,Structural,Diff_Trans_6M_VOSO4,-0.013819629,0.8679248956648792
NumAromaticHeterocycles_Lig,Structural,Diff_Trans_6M_VOSO4,-0.0146593239999999,0.9025699915521364
NumAromaticRings_Lig,Structural,Diff_Trans_6M_VOSO4,-0.005843471,0.46017239817490685
NumHAcceptors_Lig,Structural,Diff_Trans_6M_VOSO4,-0.0006699159999999,0.06484309974878705
NumHDonors_Lig,Structural,Diff_Trans_6M_VOSO4,0.002543204,0.226593911967896
NumHeteroatoms_Lig,Structural,Diff_Trans_6M_VOSO4,-0.002963286,0.2595361151745866
NumRadicalElectrons_Lig,Structural,Diff_Trans_6M_VOSO4,0.001118703,0.10604355233515539
NumRotatableBonds_Lig,Structural,Diff_Trans_6M_VOSO4,0.107581897,2.4645499935461235
NumSaturatedCarbocycles_Lig,Structural,Diff_Trans_6M_VOSO4,0.000406831,0.03987732445996472
NumSaturatedHeterocycles_Lig,Structural,Diff_Trans_6M_VOSO4,0.001115474,0.1057530985870629
NumSaturatedRings_Lig,Structural,Diff_Trans_6M_VOSO4,0.002902745,0.25485498643452587
NumValenceElectrons_Lig,Structural,Diff_Trans_6M_VOSO4,-0.017200956,1.000667026749086
PEOE_VSA1_Lig,VSA,Diff_Trans_6M_VOSO4,-0.006661773,0.5105319606511987
PEOE_VSA10_Lig,VSA,Diff_Trans_6M_VOSO4,-0.00260105,0.23119505082469066
PEOE_VSA11_Lig,VSA,Diff_Trans_6M_VOSO4,0.0213058229999999,1.141219025587731
PEOE_VSA12_Lig,VSA,Diff_Trans_6M_VOSO4,0.00442193,0.3661648717930003
PEOE_VSA13_Lig,VSA,Diff_Trans_6M_VOSO4,-0.0075989199999999,0.5652524435308661
PEOE_VSA14_Lig,VSA,Diff_Trans_6M_VOSO4,-0.01381767,0.8678426491881801
PEOE_VSA2_Lig,VSA,Diff_Trans_6M_VOSO4,-0.007278957,0.5469043097639021
PEOE_VSA3_Lig,VSA,Diff_Trans_6M_VOSO4,0.000591923,0.05750663653672053
PEOE_VSA4_Lig,VSA,Diff_Trans_6M_VOSO4,0.038642928,1.5819213402204981
PEOE_VSA5_Lig,VSA,Diff_Trans_6M_VOSO4,0.000874245,0.08381205628329896
PEOE_VSA6_Lig,VSA,Diff_Trans_6M_VOSO4,-0.0029468719999999,0.2582691215734016
PEOE_VSA7_Lig,VSA,Diff_Trans_6M_VOSO4,-0.020836187,1.1261038099249634
PEOE_VSA8_Lig,VSA,Diff_Trans_6M_VOSO4,-0.0027147579999999,0.24017827306029063
PEOE_VSA9_Lig,VSA,Diff_Trans_6M_VOSO4,-0.004084035,0.3424567933851358
SMR_VSA1_Lig,VSA,Diff_Trans_6M_VOSO4,-0.004347655,0.36100142122381196
SMR_VSA10_Lig,VSA,Diff_Trans_6M_VOSO4,-0.0057076399999999,0.4515621252008715
SMR_VSA2_Lig,VSA,Diff_Trans_6M_VOSO4,0.003819216,0.32347499435859267
SMR_VSA3_Lig,VSA,Diff_Trans_6M_VOSO4,0.003892141,0.32873819156273504
SMR_VSA4_Lig,VSA,Diff_Trans_6M_VOSO4,0.000660469,0.06395732102350107
SMR_VSA5_Lig,VSA,Diff_Trans_6M_VOSO4,-0.002381927,0.21365281643063222
SMR_VSA6_Lig,VSA,Diff_Trans_6M_VOSO4,0.004088328,0.34276156015484044
SMR_VSA7_Lig,VSA,Diff_Trans_6M_VOSO4,0.082191046,2.2212779178850766
SMR_VSA8_Lig,VSA,Diff_Trans_6M_VOSO4,0.005254728,0.4223043947960269
SMR_VSA9_Lig,VSA,Diff_Trans_6M_VOSO4,-0.002945217,0.2581412832979999
SlogP_VSA1_Lig,VSA,Diff_Trans_6M_VOSO4,-0.00112951,0.10701504616703938
SlogP_VSA10_Lig,VSA,Diff_Trans_6M_VOSO4,0.001662222,0.15376963581063563
SlogP_VSA11_Lig,VSA,Diff_Trans_6M_VOSO4,-0.008695917,0.6257200647803675
SlogP_VSA12_Lig,VSA,Diff_Trans_6M_VOSO4,0.00279146,0.24619266776289905
SlogP_VSA2_Lig,VSA,Diff_Trans_6M_VOSO4,-0.023578855,1.2113114603968214
SlogP_VSA3_Lig,VSA,Diff_Trans_6M_VOSO4,0.018624914,1.0516923645090326
SlogP_VSA4_Lig,VSA,Diff_Trans_6M_VOSO4,0.009173649,0.6509517954537732
SlogP_VSA5_Lig,VSA,Diff_Trans_6M_VOSO4,-0.0119597,0.7866238623517833
SlogP_VSA6_Lig,VSA,Diff_Trans_6M_VOSO4,-0.005937158,0.466068270870826
SlogP_VSA7_Lig,VSA,Diff_Trans_6M_VOSO4,0.004148755,0.3470415413584932
SlogP_VSA8_Lig,VSA,Diff_Trans_6M_VOSO4,0.001065757,0.10127029208660067
SlogP_VSA9_Lig,VSA,Diff_Trans_6M_VOSO4,0.003212006,0.2785408686670011
TPSA_Lig,VSA,Diff_Trans_6M_VOSO4,-0.001127025,0.10679174096608819
VSA_EState1_Lig,VSA,Diff_Trans_6M_VOSO4,-0.008511531,0.6158087422184495
VSA_EState10_Lig,VSA,Diff_Trans_6M_VOSO4,0.000966741,0.09228205420170103
VSA_EState2_Lig,VSA,Diff_Trans_6M_VOSO4,-0.002474177,0.2210755745234045
VSA_EState3_Lig,VSA,Diff_Trans_6M_VOSO4,-0.0071946609999999,0.5420138356623942
VSA_EState4_Lig,VSA,Diff_Trans_6M_VOSO4,-0.005618641,0.44588004379121127
VSA_EState5_Lig,VSA,Diff_Trans_6M_VOSO4,-0.022604327,1.1818599166321107
VSA_EState6_Lig,VSA,Diff_Trans_6M_VOSO4,-0.003531463,0.30243247342431595
VSA_EState7_Lig,VSA,Diff_Trans_6M_VOSO4,0.0013942859999999,0.13052690867944047
VSA_EState8_Lig,VSA,Diff_Trans_6M_VOSO4,-0.000882479,0.08456897174475533
VSA_EState9_Lig,VSA,Diff_Trans_6M_VOSO4,-0.002799366,0.24681054545481296
